https://front9farm.com/index.php/2017-csa-week-1-recipes,,,,,,,,,,,,,,,,,,,,,,,,,,,
lovage,sage,collard greens,oakleaf_lettuce,oregano,green_onion,cilantro,parsley,thyme,eggs,,,,,,,,,,,,,,,,,,
Lovage Soup,Spring Greens Salad,Chicken & Braised Greens,Balsamic Chicken Salad,Chimichurri Breakfast Bowl,,,,,,,,,,,,,,,,,,,,,,,
chicken_breast,chicken_stock,butter,Garlic,red_pepper_flakes,yellow_onion,russet_potato,dijon_mustard,Olive oil,Quinoa,red_wine_vinegar,Heavy cream,Salt,Pepper,,,,,,,,,,,,,,
https://front9farm.com/index.php/2017-csa-week-2-recipes,,,,,,,,,,,,,,,,,,,,,,,,,,,
curly_kale,red_oakleaf_lettuce,red_and_green_sorrel,winter_savory,oregano,lemon_balm,parsley,mountain_mint,chives,salad_burnet,thyme,,,,,,,,,,,,,,,,,
Kale and White Bean Soup,Oakleaf Salad with Lemon-Mint Vinaigrette,Dutch Herb Soup with Potatoes,Oakleaf Salad with Savory Herb Vinaigrette,Lemon Balm Pesto,,,,,,,,,,,,,,,,,,,,,,,
dried_white_beans,chicken_stock,water,butter,garlic,carrots,yellow_onion,flour,potatoes,dijon_mustard,walnuts,sugar,lemons,olive_oil,egg_noodles,spicy_sausage,apple_cider_vinegar,parmigiano_reggiano,bay_leaf,salt,pepper,,,,,,,
https://front9farm.com/index.php/2017-csa-week-3-recipes,,,,,,,,,,,,,,,,,,,,,,,,,,,
winter_savory,thyme,oregano,parsley,romaine_lettuce,red_oakleaf_lettuce,leek_scapes,beefsteak_tomatoes,bok_choi,upland_cress,cilantro,mint,sage,,,,,,,,,,,,,,,
Lettuce Wrap Spring Roll,Chicken Stir Fry,Hamburger with Home Fries,Chicken over Braised Cress,Spring Salad with Creamy Dressing,,,,,,,,,,,,,,,,,,,,,,,
chicken_breast,ground_beef,soy_sauce,fish_sauce,mayonaise,carrots,red_skin_potatoes,yellow_onion,Eggs,ginger,garlic_powder,worcestershire_sauce,dijon_mustard,brown_sugar,chicken_stock,vegetable_oil,cornstarch,peanut_butter,rice_noodles,rice_vinegar,red_pepper_flakes,sesame_oil,lime,flour,sugar,milk,water,Salt
https://front9farm.com/index.php/2017-csa-week-4-recipes,,,,,,,,,,,,,,,,,,,,,,,,,,,
toscano_kale,leafy_lettuce_mix,red_mustard_greens,beefsteak_tomatoes,celery,oregano,borage_greens,collard_greens,bok_choi,dill,chives,parlsey,,,,,,,,,,,,,,,,
Collard Greens and Kale with Black-Eyed Peas,Fresh Greens Salad with Homemade Ranch and Paprika Chicken,Borage Soup,Spicy Mustard Greens with Paprika Chicken,"Braised Celery with Tomato, Pancetta over Pasta",,,,,,,,,,,,,,,,,,,,,,,
black_eyed_peas,chicken_breast,yellow_onion,garlic_clove,russet_potato,mayonnaise,sour_cream,buttermilk,lemons,pasta,chicken_stock,pancetta_bacon,butter,white_vinegar,,,,,,,,,,,,,,
https://front9farm.com/index.php/2017-csa-week-5-recipes,,,,,,,,,,,,,,,,,,,,,,,,,,,
beefsteak_tomatoes,long_english_cucumber,mint,lettuce,leafy_greens_mix,swiss_chard,curly_kale,parsley,oregano,basil,broiler_chicken,,,,,,,,,,,,,,,,,
Homemade Chicken Gyros with Mint Tzatziki Sauce,,Swiss Chard and Chickpeas with Poached Egg,"Kale, Basil and Quinoa Stuffed Tomatoes with Parmesan Cheese",Leafy Green Salad with Balsamic Vinaigrette,,,,,,,,,,,,,,,,,,,,,,,
chickpeas,pita_bread,serrano_pepper,yellow_onion,red_onion,garlic_clove,olive_oil,balsamic_vinegar,greek_yogurt,flour,salt,pepper,eggs,lemon_juice,,,,,,,,,,,,,,
https://front9farm.com/index.php/2017-csa-week-6-recipes,,,,,,,,,,,,,,,,,,,,,,,,,,,
romaine_lettuce,lettuce_bouquet,kohlrabi,turnips,upland_cress,collard greens,borage_greens,summer_savory,dill,cilantro_blossoms,sage,thyme,,,,,,,,,,,,,,,,
"Grilled Cheese with Goat Cheese, Dill, and Borage Greens","Collard Wraps with Hummus, Cress Pesto, Kohlrabi and Quinoa",Mixed Greens Salad with Kohlrabi and Homemade Thousand Island Dressing,Garlicky Braised Greens with Balsamic Vinegar,Turnip and Potato Mash with Savory Chicken Pattie,,,,,,,,,,,,,,,,,,,,,,,
ground_chicken,goat_cheese,parmesan,butter,sour_cream,chickpeas,quinoa,bread,yellow_onion,pine_nuts,potato,carrots,garlic,lemons,olive_oil,tahini_sauce,mayonnaise,ketchup,sweet_pickle_relish,white_vinegar,balsamic_vinegar,red_pepper_flakes,salt,pepper,,,,
https://front9farm.com/index.php/2017-csa-week-7-recipes,,,,,,,,,,,,,,,,,,,,,,,,,,,
beefsteak_tomatoes,"Radicchio, 1 head",cucumber,celery,turnip,"Beet, 1 beet",cabbage,purple_basil,thyme,chives,lettuce,mint,,,,,,,,,,,,,,,,
"Simple Tomato, Basil, and Mint Soup","Cabbage with Canary Beans, Turnips, and Parmesan",Sauteed Beets over Radish and Celery Salad,Cucumber and Celery Salad with Mint,Radicchio and Celery Salad with Canary Beans,,,,,,,,,,,,,,,,,,,,,,,
butter,"Chicken or vegetable stock, 1/2 cup",parmesan,balsamic_vinegar,olive_oil,mayonnaise,dijon_mustard,yellow_onion,red_onion,garlic,salt,pepper,,,,,,,,,,,,,,,,
https://front9farm.com/index.php/2017-csa-week-8-recipes,,,,,,,,,,,,,,,,,,,,,,,,,,,
beefsteak_tomatoes,radicchio,"Toscano kale, 1 bunch",celery,garlic,huacatay,oakleaf_lettuce,fennel,radishes,sorrel_greens,spreamint,,,,,,,,,,,,,,,,,
"Sorrel, Celery and Fennel Frittata with Tartar Sauce",Whitefish with Huacatay Sauce and Black Bean Salad,Grilled Radicchio and Kale with Blue Cheese,Grilled Fennel over Leafy Greens Salad,Grilled Tomato Gratin,,,,,,,,,,,,,,,,,,,,,,,
eggs,Balsamic vinegar,mozzarella,parmesan,blue_cheese,butter,balsamic_vinegar,white_vinegar,olive_oil,vegetable_oil,mayonnaise,dijon_mustard,pickle_relish,red_onion,lemons,salt,pepper,,,,,,,,,,,
https://front9farm.com/index.php/2017-csa-week-9-recipes,,,,,,,,,,,,,,,,,,,,,,,,,,,
beefsteak_tomatoes,lettuce,turnips,cabbage,beets,kohlrabi,broccoli,opal,chicken,summer_savory,winter_savory,parsley_buds,oregano,basil,thyme,marjoram,sage,,,,,,,,,,,
Red Borscht Soup,Herb de Provence Roasted Chicken and Gravy,Kohlrabi and Cabbage Coleslaw,Sauteed Sprouting Broccoli Greens and Turnips,Bibb Salad with Sour Cream Dressing,,,,,,,,,,,,,,,,,,,,,,,
tomato_paste,pork_sausage,russet_potato,yellow_onion,mayonnaise,sour_cream,garlic,Flour,white_vinegar,olive_oil,dijon_mustard,lemons,salt,pepper,,,,,,,,,,,,,,
https://front9farm.com/index.php/2017-csa-week-10-recipes,,,,,,,,,,,,,,,,,,,,,,,,,,,
,,,,,,,,,,,,,,,,,,,,,,,,,,,
,,,,,,,,,,,,,,,,,,,,,,,,,,,
,,,,,,,,,,,,,,,,,,,,,,,,,,,
https://front9farm.com/index.php/2017-csa-week-11-recipes,,,,,,,,,,,,,,,,,,,,,,,,,,,
,,,,,,,,,,,,,,,,,,,,,,,,,,,
,,,,,,,,,,,,,,,,,,,,,,,,,,,
,,,,,,,,,,,,,,,,,,,,,,,,,,,
https://front9farm.com/index.php/2017-csa-week-12-recipes,,,,,,,,,,,,,,,,,,,,,,,,,,,
,,,,,,,,,,,,,,,,,,,,,,,,,,,
,,,,,,,,,,,,,,,,,,,,,,,,,,,
,,,,,,,,,,,,,,,,,,,,,,,,,,,
https://front9farm.com/index.php/2017-csa-week-13-recipes,,,,,,,,,,,,,,,,,,,,,,,,,,,
,,,,,,,,,,,,,,,,,,,,,,,,,,,
,,,,,,,,,,,,,,,,,,,,,,,,,,,
,,,,,,,,,,,,,,,,,,,,,,,,,,,
https://front9farm.com/index.php/2017-csa-week-14-recipes,,,,,,,,,,,,,,,,,,,,,,,,,,,
,,,,,,,,,,,,,,,,,,,,,,,,,,,
,,,,,,,,,,,,,,,,,,,,,,,,,,,
,,,,,,,,,,,,,,,,,,,,,,,,,,,
https://front9farm.com/index.php/2017-csa-week-15-recipes,,,,,,,,,,,,,,,,,,,,,,,,,,,
,,,,,,,,,,,,,,,,,,,,,,,,,,,
,,,,,,,,,,,,,,,,,,,,,,,,,,,
,,,,,,,,,,,,,,,,,,,,,,,,,,,
https://front9farm.com/index.php/2017-csa-week-16-recipes,,,,,,,,,,,,,,,,,,,,,,,,,,,
,,,,,,,,,,,,,,,,,,,,,,,,,,,
,,,,,,,,,,,,,,,,,,,,,,,,,,,
,,,,,,,,,,,,,,,,,,,,,,,,,,,
https://front9farm.com/index.php/2017-csa-week-17-recipes,,,,,,,,,,,,,,,,,,,,,,,,,,,
,,,,,,,,,,,,,,,,,,,,,,,,,,,
,,,,,,,,,,,,,,,,,,,,,,,,,,,
,,,,,,,,,,,,,,,,,,,,,,,,,,,
https://front9farm.com/index.php/2017-csa-week-18-recipes,,,,,,,,,,,,,,,,,,,,,,,,,,,
,,,,,,,,,,,,,,,,,,,,,,,,,,,
,,,,,,,,,,,,,,,,,,,,,,,,,,,
,,,,,,,,,,,,,,,,,,,,,,,,,,,
https://front9farm.com/index.php/2017-csa-week-19-recipes,,,,,,,,,,,,,,,,,,,,,,,,,,,
,,,,,,,,,,,,,,,,,,,,,,,,,,,
,,,,,,,,,,,,,,,,,,,,,,,,,,,
,,,,,,,,,,,,,,,,,,,,,,,,,,,
https://front9farm.com/index.php/2017-csa-week-20-recipes,,,,,,,,,,,,,,,,,,,,,,,,,,,
,,,,,,,,,,,,,,,,,,,,,,,,,,,
,,,,,,,,,,,,,,,,,,,,,,,,,,,
,,,,,,,,,,,,,,,,,,,,,,,,,,,
https://front9farm.com/index.php/2017-csa-week-21-recipes,,,,,,,,,,,,,,,,,,,,,,,,,,,
,,,,,,,,,,,,,,,,,,,,,,,,,,,
,,,,,,,,,,,,,,,,,,,,,,,,,,,
,,,,,,,,,,,,,,,,,,,,,,,,,,,
https://front9farm.com/index.php/2017-csa-week-22-recipes,,,,,,,,,,,,,,,,,,,,,,,,,,,
,,,,,,,,,,,,,,,,,,,,,,,,,,,
,,,,,,,,,,,,,,,,,,,,,,,,,,,
,,,,,,,,,,,,,,,,,,,,,,,,,,,
https://front9farm.com/index.php/2017-csa-week-23-recipes,,,,,,,,,,,,,,,,,,,,,,,,,,,
,,,,,,,,,,,,,,,,,,,,,,,,,,,
,,,,,,,,,,,,,,,,,,,,,,,,,,,
,,,,,,,,,,,,,,,,,,,,,,,,,,,
https://front9farm.com/index.php/2017-csa-week-24-recipes,,,,,,,,,,,,,,,,,,,,,,,,,,,
,,,,,,,,,,,,,,,,,,,,,,,,,,,
,,,,,,,,,,,,,,,,,,,,,,,,,,,
,,,,,,,,,,,,,,,,,,,,,,,,,,,
https://front9farm.com/index.php/2017-csa-week-25-recipes,,,,,,,,,,,,,,,,,,,,,,,,,,,
,,,,,,,,,,,,,,,,,,,,,,,,,,,
,,,,,,,,,,,,,,,,,,,,,,,,,,,
,,,,,,,,,,,,,,,,,,,,,,,,,,,
https://front9farm.com/index.php/2017-csa-week-26-recipes,,,,,,,,,,,,,,,,,,,,,,,,,,,
Leeks,Beets,Cherry Tomatoes,Green Tomatoes,Buffy Squash,Popcorn,Lettuce,Celery,Carrots,Winter Savory,Oragano,Chives,Parsley,Potatoes,Bell Peppers,,,,,,,,,,,,,
Beet and Squash Quiche,Green Tomatoes and Lentil Sauce over Groats,Celery Soup,Salad with Sautted Winter Squash and Balsamic Dressing,Winter Savory and Parmesan Popcorn,,,,,,,,,,,,,,,,,,,,,,,
Flour,Butter,Onion,Garlic,Cooking Oil,Milk,Cheddar,Parmesan,Lentils,Sambor Powder,Groats,Chicken Broth,Balsamic Vinegar,Honey,Sheeps Cheese,,,,,,,,,,,,,
